Duration;Rate
0;0.00005
366;0.00010
731;0.00020
3651;0.00050

